{"base_files_url": "https://raw.githubusercontent.com/glopgar/Beta_cores_Mister/982ed7277fb8c14382f08231dd3bb02d062c8a8d/", "db_files": ["db.json.zip"], "db_id": "glopgar/Beta_cores_Mister", "db_url": "https://raw.githubusercontent.com/glopgar/Beta_cores_Mister/db/db.json.zip", "default_options": {}, "files": {"_Arcade/_Unofficial/Armed F (Japan).mra": {"hash": "9de388951545dfcbb0e9806a10f4bc66", "size": 2851, "tags": [15, 19, 21]}, "_Arcade/_Unofficial/Chouji Meikyuu Legion (Japan ver 1.05, set 2).mra": {"hash": "cec304766aec36feb6f444a5b6669738", "size": 2972, "tags": [15, 19, 21]}, "_Arcade/_Unofficial/Crazy Climber 2 (Japan).mra": {"hash": "67114b9f5afefe7ec3eef73b07e3c552", "size": 3100, "tags": [15, 19, 21]}, "_Arcade/_Unofficial/Gauntlet (rev 14).mra": {"hash": "701359f7af866474e2937df39d98a79d", "size": 2329, "tags": [15, 19, 22]}, "_Arcade/_Unofficial/Gauntlet II.mra": {"hash": "005a40ff798ed7194d4aeb5352c26e93", "size": 2800, "tags": [15, 19, 22]}, "_Arcade/_Unofficial/Hellfire (2P set).mra": {"hash": "ac9070ad3e708a65a90c70c8cfd243ef", "size": 2366, "tags": [15, 19, 23]}, "_Arcade/_Unofficial/Indiana Jones.mra": {"hash": "e9613b94eca93d71ac036a5350b5ff97", "size": 3257, "tags": [15, 19, 27]}, "_Arcade/_Unofficial/Kid no Hore Hore Daisakusen.mra": {"hash": "c375364fb6c9ec5beb34f4af69b44ffa", "size": 2872, "tags": [15, 19, 20]}, "_Arcade/_Unofficial/Kozure Ookami (Japan).mra": {"hash": "76a610ce4121bd918c7b94cff08246d2", "size": 2985, "tags": [15, 19, 21]}, "_Arcade/_Unofficial/Nemesis (ROM Version).mra": {"hash": "63a0b5e49acbbb7752823126572dae8f", "size": 4271, "tags": [15, 19, 24]}, "_Arcade/_Unofficial/Out Zone.mra": {"hash": "6ae5c2efc65fe94acb38630b44970529", "size": 2263, "tags": [15, 19, 23]}, "_Arcade/_Unofficial/Penguin-Kun_Wars.mra": {"hash": "9fa11e00ea82aea66e5ce1e42d6e51ce", "size": 1099, "tags": [15, 19, 28]}, "_Arcade/_Unofficial/Penguin-Kun_Wars_Japan.mra": {"hash": "2440eb738e6c35d968c8a67267dca563", "size": 1116, "tags": [15, 19, 28]}, "_Arcade/_Unofficial/Peter Pack Rat.mra": {"hash": "bbfea0661c92db9339c422687c827aaf", "size": 3149, "tags": [15, 19, 27]}, "_Arcade/_Unofficial/Prehistoric Isle in 1930 (World).mra": {"hash": "cded3f71971746474319d8855eab1033", "size": 2249, "tags": [15, 19, 25]}, "_Arcade/_Unofficial/Sei Senshi Amatelass.mra": {"hash": "b07c8c19a9483df8a2a598840c73d4f1", "size": 2888, "tags": [15, 19, 20]}, "_Arcade/_Unofficial/Tatakae! Big Fighter (Japan).mra": {"hash": "55826aeef5a31fbe0c1bcd63cf102532", "size": 2847, "tags": [15, 19, 21]}, "_Arcade/_Unofficial/Terra Cresta (YM3526 set 1).mra": {"hash": "d57c8f60ef01f6e6124a10d05060b0fb", "size": 2687, "tags": [15, 19, 20]}, "_Arcade/_Unofficial/Terra Force (Japan).mra": {"hash": "92922205fc2d7162b0f67beaca112ea2", "size": 2961, "tags": [15, 19, 21]}, "_Arcade/_Unofficial/Truxton - Tatsujin.mra": {"hash": "304f687199ccfd784aead80483a808f5", "size": 2514, "tags": [15, 19, 23]}, "_Arcade/_Unofficial/Truxton II - Tatsujin Oh.mra": {"hash": "77c4aa29210794139135901f0a43d9b1", "size": 2404, "tags": [15, 19, 29]}, "_Arcade/_Unofficial/Vindicators Part II (rev 3).mra": {"hash": "b96f3ca79b88653bb8d8e43985ab337d", "size": 3938, "tags": [15, 19, 22]}, "_Arcade/_Unofficial/Zero Wing (2P set).mra": {"hash": "88f28f48cae5a9e840d241ded99b596a", "size": 2521, "tags": [15, 19, 23]}, "_Arcade/_Unofficial/_Arcade Offset/_CP System II/Final Fight AE CPS2 Patch.mra": {"hash": "006ef6ad8a07819ecbb93efa234ff7db", "size": 1222580, "tags": [15, 19, 26]}, "_Arcade/_Unofficial/_alternatives/_Booby Kids/Kid no Hore Hore Daisakusen (Bootleg Set 1).mra": {"hash": "4d7e10c1df5b0b6096cc34d391607097", "size": 2892, "tags": [15, 19, 20]}, "_Arcade/_Unofficial/_alternatives/_Booby Kids/Kid no Hore Hore Daisakusen (Bootleg Set 2).mra": {"hash": "4534b76a4e71e5c2778c52a581f0573e", "size": 2797, "tags": [15, 19, 20]}, "_Arcade/_Unofficial/_alternatives/_Chouji Meikyuu Legion/Legion - Spinner-87 (World ver 2.03).mra": {"hash": "7d54eeef1d7389efd34b55f8c518dca9", "size": 3127, "tags": [15, 19, 21]}, "_Arcade/_Unofficial/_alternatives/_Crazy Climber 2/Crazy Climber 2 (Japan, Harder).mra": {"hash": "6660a8935cb1af3ea6b780465f8ae6a6", "size": 3153, "tags": [15, 19, 21]}, "_Arcade/_Unofficial/_alternatives/_Formation Armed F/Armed F (Fillmore license).mra": {"hash": "905063b162aa133f043627a13c955c47", "size": 2894, "tags": [15, 19, 21]}, "_Arcade/_Unofficial/_alternatives/_Gauntlet II/Gauntlet II (2 Players, German).mra": {"hash": "83cbe56d91a36cdd7fe3a51030aa9e8b", "size": 2843, "tags": [15, 19, 22]}, "_Arcade/_Unofficial/_alternatives/_Gauntlet II/Gauntlet II (2 Players, rev 1).mra": {"hash": "0956a3ffa644da36fea2c9fd559bcec3", "size": 2843, "tags": [15, 19, 22]}, "_Arcade/_Unofficial/_alternatives/_Gauntlet II/Gauntlet II (2 Players, rev 2).mra": {"hash": "e06ca63d72af01a1ac6aa695b11ae1fa", "size": 2841, "tags": [15, 19, 22]}, "_Arcade/_Unofficial/_alternatives/_Gauntlet II/Gauntlet II (German).mra": {"hash": "3062bf9e35cb136de63121feed9e05e8", "size": 2830, "tags": [15, 19, 22]}, "_Arcade/_Unofficial/_alternatives/_Gauntlet/Gauntlet (2 Players, German, rev 1).mra": {"hash": "bba151d1050e44a0e9f801a5c10d04cd", "size": 2369, "tags": [15, 19, 22]}, "_Arcade/_Unofficial/_alternatives/_Gauntlet/Gauntlet (2 Players, German, rev 4).mra": {"hash": "5914534b6a67f37e304ac0c6cf5eba14", "size": 2368, "tags": [15, 19, 22]}, "_Arcade/_Unofficial/_alternatives/_Gauntlet/Gauntlet (2 Players, Japanese, rev 2).mra": {"hash": "54371fdc437da15f693d1042462d2d4c", "size": 2368, "tags": [15, 19, 22]}, "_Arcade/_Unofficial/_alternatives/_Gauntlet/Gauntlet (2 Players, Japanese, rev 5).mra": {"hash": "1af4555d3bc006da07f1ddd3eea778d8", "size": 2366, "tags": [15, 19, 22]}, "_Arcade/_Unofficial/_alternatives/_Gauntlet/Gauntlet (2 Players, rev 3).mra": {"hash": "064d5fa5969afcd4225c586a3e880270", "size": 2363, "tags": [15, 19, 22]}, "_Arcade/_Unofficial/_alternatives/_Gauntlet/Gauntlet (2 Players, rev 6).mra": {"hash": "6809ffb3619d3167ec82ab0ed6b2f978", "size": 2359, "tags": [15, 19, 22]}, "_Arcade/_Unofficial/_alternatives/_Gauntlet/Gauntlet (German, rev 10).mra": {"hash": "4e367bfc6305b53334f0975106df694c", "size": 2358, "tags": [15, 19, 22]}, "_Arcade/_Unofficial/_alternatives/_Gauntlet/Gauntlet (German, rev 3).mra": {"hash": "cbc2d8f6461c56b53fda675095c25f7f", "size": 2356, "tags": [15, 19, 22]}, "_Arcade/_Unofficial/_alternatives/_Gauntlet/Gauntlet (German, rev 6).mra": {"hash": "5588810a7be5ee2ec7a5e8f666376168", "size": 2356, "tags": [15, 19, 22]}, "_Arcade/_Unofficial/_alternatives/_Gauntlet/Gauntlet (German, rev 8).mra": {"hash": "78a9c24107786029ed4a24c5a3c66447", "size": 2356, "tags": [15, 19, 22]}, "_Arcade/_Unofficial/_alternatives/_Gauntlet/Gauntlet (Japanese, rev 12).mra": {"hash": "15f21593254f0f0a01da8f902ae61e4c", "size": 2360, "tags": [15, 19, 22]}, "_Arcade/_Unofficial/_alternatives/_Gauntlet/Gauntlet (Japanese, rev 13).mra": {"hash": "ab237e4d8e4158a2fb78c97935cf9b61", "size": 2356, "tags": [15, 19, 22]}, "_Arcade/_Unofficial/_alternatives/_Gauntlet/Gauntlet (Spanish, rev 15).mra": {"hash": "dd3ea67e9e880f79a1247c535d975509", "size": 2356, "tags": [15, 19, 22]}, "_Arcade/_Unofficial/_alternatives/_Gauntlet/Gauntlet (rev 1).mra": {"hash": "9422422a884285a0e06a699fb011e36c", "size": 2348, "tags": [15, 19, 22]}, "_Arcade/_Unofficial/_alternatives/_Gauntlet/Gauntlet (rev 2).mra": {"hash": "c3d47fa48958aa0214258d864e99720e", "size": 2348, "tags": [15, 19, 22]}, "_Arcade/_Unofficial/_alternatives/_Gauntlet/Gauntlet (rev 4).mra": {"hash": "8607165dfddc84f8f8d283a63f98202e", "size": 2348, "tags": [15, 19, 22]}, "_Arcade/_Unofficial/_alternatives/_Gauntlet/Gauntlet (rev 5).mra": {"hash": "e86f4a540baac7091308d719e470f85d", "size": 2348, "tags": [15, 19, 22]}, "_Arcade/_Unofficial/_alternatives/_Gauntlet/Gauntlet (rev 7).mra": {"hash": "ccd05e3b2d7b4513a8a2b126e52bf370", "size": 2348, "tags": [15, 19, 22]}, "_Arcade/_Unofficial/_alternatives/_Gauntlet/Gauntlet (rev 9).mra": {"hash": "d59d750a98e639674ab8b321c9b3f1a6", "size": 2348, "tags": [15, 19, 22]}, "_Arcade/_Unofficial/_alternatives/_Hellfire/Hellfire (1P set).mra": {"hash": "c661076af0ad822377f7951516a3da5e", "size": 2498, "tags": [15, 19, 23]}, "_Arcade/_Unofficial/_alternatives/_Hellfire/Hellfire (1P set, older).mra": {"hash": "b9713abeb895b3b77d8defeb584c806b", "size": 2510, "tags": [15, 19, 23]}, "_Arcade/_Unofficial/_alternatives/_Hellfire/Hellfire (2P set, older).mra": {"hash": "dc5c0c39d853b05be68547f9cac1e4ee", "size": 2393, "tags": [15, 19, 23]}, "_Arcade/_Unofficial/_alternatives/_Nemesis/Nemesis (World, ROM Version).mra": {"hash": "3ee39d7e169e4ca943331fefca96739e", "size": 4308, "tags": [15, 19, 24]}, "_Arcade/_Unofficial/_alternatives/_Out Zone/Out Zone (Zero Wing TP-015 PCB conversion).mra": {"hash": "f7634df267441fc1c8b4010b57fac20b", "size": 2316, "tags": [15, 19, 23]}, "_Arcade/_Unofficial/_alternatives/_Out Zone/Out Zone (harder).mra": {"hash": "bdae4bfba7085cf0a7d1079eeeba1f00", "size": 2288, "tags": [15, 19, 23]}, "_Arcade/_Unofficial/_alternatives/_Out Zone/Out Zone (old set).mra": {"hash": "6111eca7961c6c44492fd52f8b340802", "size": 2271, "tags": [15, 19, 23]}, "_Arcade/_Unofficial/_alternatives/_Out Zone/Out Zone (older set).mra": {"hash": "3d2d1f94eabacfee04ed1139d646cf32", "size": 2367, "tags": [15, 19, 23]}, "_Arcade/_Unofficial/_alternatives/_Prehistoric Isle in 1930/Genshitou 1930s.mra": {"hash": "60d23a884f77b64547fdc06254e37066", "size": 2264, "tags": [15, 19, 25]}, "_Arcade/_Unofficial/_alternatives/_Prehistoric Isle in 1930/Prehistoric Isle in 1930 (US).mra": {"hash": "d66c507397a99a01415bf9f545926b9a", "size": 2277, "tags": [15, 19, 25]}, "_Arcade/_Unofficial/_alternatives/_Prehistoric Isle in 1930/Wonsido 1930s (Korea).mra": {"hash": "6f34bd2e0c7bfe56f7941050866c5c5d", "size": 2273, "tags": [15, 19, 25]}, "_Arcade/_Unofficial/_alternatives/_Sky Robo/Sky Robo.mra": {"hash": "ec6fd9586b53620ccd0d044d1ba2d684", "size": 2801, "tags": [15, 19, 21]}, "_Arcade/_Unofficial/_alternatives/_Soldier Girl Amazon/Soldier Girl Amazon (Tecfri license).mra": {"hash": "bcce466c95ce08cd611107082b4e960b", "size": 2893, "tags": [15, 19, 20]}, "_Arcade/_Unofficial/_alternatives/_Soldier Girl Amazon/Soldier Girl Amazon.mra": {"hash": "65b219f33b745b6c0a3b9286d0f5d0dd", "size": 2866, "tags": [15, 19, 20]}, "_Arcade/_Unofficial/_alternatives/_Terra Cresta/Terra Cresta (YM3526 set 2).mra": {"hash": "ffb8bf0c21ed19f2eaf2d174fdd070f2", "size": 3040, "tags": [15, 19, 20]}, "_Arcade/_Unofficial/_alternatives/_Terra Cresta/Terra Cresta (YM3526 set 3).mra": {"hash": "5b03d917c6ae543c4f01609d50aab7c2", "size": 3040, "tags": [15, 19, 20]}, "_Arcade/_Unofficial/_alternatives/_Terra Force/Terra Force (US).mra": {"hash": "0a21c9bb99436269592639aa7d835a61", "size": 2951, "tags": [15, 19, 21]}, "_Arcade/_Unofficial/_alternatives/_Terra Force/Terra Force.mra": {"hash": "d2c2e85257aa395003e769218e0b995f", "size": 2813, "tags": [15, 19, 21]}, "_Arcade/_Unofficial/_alternatives/_Vindicators part II/Vindicators Part II (rev 1).mra": {"hash": "c35652e0cb3cefa73ecfcde71a836169", "size": 3974, "tags": [15, 19, 22]}, "_Arcade/_Unofficial/_alternatives/_Vindicators part II/Vindicators Part II (rev 2).mra": {"hash": "c15d80641b7c7ad90f7f90df5f39c5cb", "size": 3974, "tags": [15, 19, 22]}, "_Arcade/_Unofficial/_alternatives/_Zero Wing/Zero Wing (1P set).mra": {"hash": "9b7866043ac9347ad2b3b687a5c56b26", "size": 2666, "tags": [15, 19, 23]}, "_Arcade/_Unofficial/_alternatives/_Zero Wing/Zero Wing (2P set, Williams license).mra": {"hash": "fdbffb26228e94af5a49f2fb4fd4f36e", "size": 2541, "tags": [15, 19, 23]}, "_Arcade/cores/Gauntlet_20220419.rbf": {"delete": ["_Arcade/cores/Gauntlet_*"], "hash": "7d36933343b9936352b5a901db05de5c", "size": 4070920, "tags": [15, 22, 30]}, "_Arcade/cores/NeoGeo-MVS_20220218.rbf": {"delete": ["_Arcade/cores/NeoGeo-MVS_*"], "hash": "a516ec503f6545cfea473aa34b62a602", "size": 3752736, "tags": [15, 30, 31]}, "_Arcade/cores/PenguinKunWars_20200530.rbf": {"delete": ["_Arcade/cores/PenguinKunWars_*"], "hash": "e58fa46423badefcb9e7f87061758645", "size": 2867776, "tags": [15, 28, 30]}, "_Arcade/cores/armedf_20220630.rbf": {"delete": ["_Arcade/cores/armedf_*"], "hash": "06284c9d69e9405a5df1c1db3600cd2a", "size": 4002284, "tags": [15, 21, 30]}, "_Arcade/cores/atarisys1_20210512.rbf": {"delete": ["_Arcade/cores/atarisys1_*"], "hash": "cee3146ad5dd9a44fec65e769e7bd297", "size": 3849732, "tags": [15, 27, 30]}, "_Arcade/cores/nemesis_20220628.rbf": {"delete": ["_Arcade/cores/nemesis_*"], "hash": "fb6f68ab9f1c05edff8890946dd1d0b2", "size": 3407564, "tags": [15, 24, 30]}, "_Arcade/cores/prehisle_20220823.rbf": {"delete": ["_Arcade/cores/prehisle_*"], "hash": "2c9c0652be3947a917373af28d09a701", "size": 3827600, "tags": [15, 25, 30]}, "_Arcade/cores/terracresta_20220723.rbf": {"delete": ["_Arcade/cores/terracresta_*"], "hash": "7f27228e5dd047032e98e2e21c5096c7", "size": 3973388, "tags": [15, 20, 30]}, "_Arcade/cores/toaplan1_20220516.rbf": {"delete": ["_Arcade/cores/toaplan1_*"], "hash": "aaa8a9554365a562726a21ef1834f807", "size": 3308776, "tags": [15, 23, 30]}, "_Arcade/cores/truxton2_20220819.rbf": {"delete": ["_Arcade/cores/truxton2_*"], "hash": "66947701bc584732f79e36ccce9cf9c1", "size": 3474852, "tags": [15, 29, 30]}, "_Computer/_Unofficial/C128_20220625.rbf": {"delete": ["_Computer/_Unofficial/C128_*"], "hash": "d4ca3243c00231cc8f8a0bc4d9604bd0", "size": 4006128, "tags": [16, 30, 32]}, "_Computer/_Unofficial/MSX1_20220306.rbf": {"delete": ["_Computer/_Unofficial/MSX1_*"], "hash": "4bf0dbf38391d27c76678a5e79c23056", "size": 3567412, "tags": [16, 30, 33]}, "_Computer/_Unofficial/zx48_20210912.rbf": {"delete": ["_Computer/_Unofficial/zx48_*"], "hash": "cb514b6b17f98653d962466efba47264", "size": 3305204, "tags": [16, 30, 34]}, "_Console/_Unofficial/S32X_20220810.rbf": {"delete": ["_Console/_Unofficial/S32X_*"], "hash": "edeb29367fbdf61018eed52d000bb5ee", "size": 4191856, "tags": [14, 30, 35]}, "_Console/_Unofficial/Saturn_20220813.rbf": {"delete": ["_Console/_Unofficial/Saturn_*"], "hash": "025e37e1d4befa01d2af973199260f7b", "size": 4517212, "tags": [14, 30, 36]}, "_Console/_Unofficial/Saturn_DS_20220813.rbf": {"delete": ["_Console/_Unofficial/Saturn_DS_*"], "hash": "222fe6b35768332b2375e8ee73f7fbf8", "size": 4517068, "tags": [14, 30, 37]}, "scripts/Update_MiSTerWallpapers.ini": {"hash": "c7611125a3b70cfb564c218aeb437c3c", "size": 576, "tags": [42]}, "scripts/Update_MiSTerWallpapers.sh": {"hash": "e59b26bad39f2c5b6865948492cc8ca8", "size": 3125, "tags": [42]}, "scripts/bgm.sh": {"hash": "79e8f697e66b99310b3efd0cfad9c42e", "size": 26921, "tags": [42]}, "scripts/favorites.sh": {"hash": "bb31b975a3b9e4c9adb8472811a15e63", "size": 32422, "tags": [42]}, "scripts/games_menu.sh": {"hash": "8618620b7347cdf19082560a038fd469", "size": 12316, "tags": [42]}, "scripts/install_coinop.sh": {"hash": "bbde3f268af4cbe0fde2431086b2c5e1", "size": 474, "tags": [42]}, "scripts/search.sh": {"hash": "56307e50bf72685ed09a9f78520dad0b", "size": 26511, "tags": [42]}, "scripts/update_main_mister.sh": {"hash": "49e9fd9f0afd3ca23482a578878961e5", "size": 640, "tags": [42]}, "|games/S32X/games.here": {"hash": "d41d8cd98f00b204e9800998ecf8427e", "size": 0, "tags": [35, 38, 40]}, "|games/Saturn/boot.rom": {"hash": "cb37ed680c55ed4a0cb3c7eb41497d4a", "overwrite": false, "size": 524288, "tags": [36, 38, 41]}, "|games/mame/roms.here": {"hash": "d41d8cd98f00b204e9800998ecf8427e", "size": 0, "tags": [38, 39, 40]}}, "folders": {"_Arcade": {"tags": [15]}, "_Arcade/_Unofficial": {"tags": [15, 43]}, "_Arcade/_Unofficial/_Arcade Offset": {"tags": [15, 43]}, "_Arcade/_Unofficial/_Arcade Offset/_CP System II": {"tags": [15, 43]}, "_Arcade/_Unofficial/_alternatives": {"tags": [15, 43]}, "_Arcade/_Unofficial/_alternatives/_Booby Kids": {"tags": [15, 43]}, "_Arcade/_Unofficial/_alternatives/_Chouji Meikyuu Legion": {"tags": [15, 43]}, "_Arcade/_Unofficial/_alternatives/_Crazy Climber 2": {"tags": [15, 43]}, "_Arcade/_Unofficial/_alternatives/_Formation Armed F": {"tags": [15, 43]}, "_Arcade/_Unofficial/_alternatives/_Gauntlet": {"tags": [15, 43]}, "_Arcade/_Unofficial/_alternatives/_Gauntlet II": {"tags": [15, 43]}, "_Arcade/_Unofficial/_alternatives/_Hellfire": {"tags": [15, 43]}, "_Arcade/_Unofficial/_alternatives/_Nemesis": {"tags": [15, 43]}, "_Arcade/_Unofficial/_alternatives/_Out Zone": {"tags": [15, 43]}, "_Arcade/_Unofficial/_alternatives/_Prehistoric Isle in 1930": {"tags": [15, 43]}, "_Arcade/_Unofficial/_alternatives/_Sky Robo": {"tags": [15, 43]}, "_Arcade/_Unofficial/_alternatives/_Soldier Girl Amazon": {"tags": [15, 43]}, "_Arcade/_Unofficial/_alternatives/_Terra Cresta": {"tags": [15, 43]}, "_Arcade/_Unofficial/_alternatives/_Terra Force": {"tags": [15, 43]}, "_Arcade/_Unofficial/_alternatives/_Vindicators part II": {"tags": [15, 43]}, "_Arcade/_Unofficial/_alternatives/_Zero Wing": {"tags": [15, 43]}, "_Arcade/cores": {"tags": [15, 30]}, "_Computer": {"tags": [16, 30]}, "_Computer/_Unofficial": {"tags": [16, 30, 43]}, "_Console": {"tags": [14, 30]}, "_Console/_Unofficial": {"tags": [14, 30, 43]}, "scripts": {"tags": [42]}, "|games": {"tags": [38]}, "|games/S32X": {"tags": [35, 38]}, "|games/Saturn": {"tags": [36, 38]}, "|games/mame": {"tags": [38, 39]}}, "latest_zip_url": "", "tag_dictionary": {"arcade": 15, "arcadearmedf": 21, "arcadeatarisys1": 27, "arcadecores": 15, "arcadegauntlet": 22, "arcadejtcps2": 26, "arcadenemesis": 24, "arcadeneogeomvs": 31, "arcadepenguinkunwars": 28, "arcadeprehisle": 25, "arcadeterracresta": 20, "arcadetoaplan1": 23, "arcadetruxton2": 29, "bios": 41, "c128": 32, "computer": 16, "computercores": 16, "console": 14, "consolecores": 14, "cores": 30, "extrautilities": 40, "games": 38, "mame": 39, "mra": 19, "msx1": 33, "s32x": 35, "saturn": 36, "saturnds": 37, "scripts": 42, "unofficial": 43, "zx48": 34}, "timestamp": 1662066314, "zips": {}}